"",""
"Maruti 800 AC","0"
"Maruti Wagon R LXI Minor","1"
"Hyundai Verna 1.6 SX","2"
"Datsun RediGO T Option","3"
"Honda Amaze VX i-DTEC","4"
"Maruti Alto LX BSIII","5"
"Hyundai Xcent 1.2 Kappa S","6"
"Tata Indigo Grand Petrol","7"
"Hyundai Creta 1.6 VTVT S","8"
"Maruti Celerio Green VXI","9"
"Chevrolet Sail 1.2 Base","10"
"Toyota Corolla Altis 1.8 VL CVT","11"
"Maruti Ciaz VXi Plus","12"
"Hyundai Venue SX Opt Diesel","13"
"Chevrolet Enjoy TCDi LTZ 7 Seater","14"
"Jaguar XF 2.2 Litre Luxury","15"
"Mercedes-Benz New C-Class 220 CDI AT","16"
"Maruti Vitara Brezza ZDi Plus AMT","17"
"Audi Q5 2.0 TDI","18"
"Honda City V MT","19"
"Tata Tigor 1.2 Revotron XT","20"
"Audi A6 2.0 TDI  Design Edition","21"
"Mercedes-Benz New C-Class C 220 CDI Avantgarde","22"
"Skoda Superb Ambition 2.0 TDI CR AT","23"
"Toyota Corolla Altis G AT","24"
"Toyota Innova 2.5 G (Diesel) 7 Seater","25"
"Jeep Compass 1.4 Sport Plus BSIV","26"
"Mercedes-Benz E-Class E 200 CGI Elegance","27"
"Hyundai i10 Magna 1.1L","28"
"BMW 3 Series 320d Sport Line","29"
"Audi Q7 35 TDI Quattro Premium","30"
"Hyundai Elantra CRDi S","31"
"Mahindra Scorpio 1.99 S10","32"
"Honda City i DTEC V","33"
"Maruti Wagon R VXI BS IV with ABS","34"
"Maruti Wagon R VXI BS IV","35"
"Mahindra Scorpio LX","36"
"Hyundai Santro Xing GLS","37"
"Hyundai Grand i10 1.2 Kappa Asta","38"
"Maruti Alto LXi","39"
"Maruti Swift Dzire VDI Optional","40"
"Maruti Eeco 5 Seater AC BSIV","41"
"Hyundai i20 Sportz 1.4 CRDi","42"
"Maruti Omni Maruti Omni MPI STD BSIII 5-STR W/ IMMOBILISER","43"
"Maruti Swift ZDi BSIV","44"
"Hyundai i20 2015-2017 Sportz Option 1.4 CRDi","45"
"Mahindra Jeep CL 500 MDI","46"
"Honda City i DTEC VX","47"
"Tata Indica DLS","48"
"Hyundai EON Magna Plus","49"
"Toyota Etios GD","50"
"Chevrolet Tavera Neo LS B3 - 7(C) seats BSIII","51"
"Toyota Corolla Altis Diesel D4DG","52"
"Mahindra Scorpio 1.99 S6 Plus","53"
"Tata Indigo Classic Dicor","54"
"Toyota Innova 2.5 V Diesel 8-seater","55"
"Tata Indica Vista Quadrajet LS","56"
"Maruti Swift 1.3 VXi","57"
"Ford EcoSport 1.5 Diesel Titanium BSIV","58"
"Maruti Ciaz 1.3 Delta","59"
"Honda Civic 1.8 V AT","60"
"Hyundai i10 Sportz 1.2","61"
"Skoda Rapid 1.5 TDI Elegance","62"
"Hyundai Getz GLS","63"
"Nissan Terrano XL","64"
"Hyundai Grand i10 CRDi Sportz","65"
"Hyundai Elite i20 Diesel Era","66"
"Honda Amaze S i-VTEC","67"
"Honda Brio S MT","68"
"Hyundai Creta 1.6 SX Option","69"
"Mercedes-Benz S-Class S 350d Connoisseurs Edition","70"
"Mahindra XUV500 W8 2WD","71"
"Renault Duster 85PS Diesel RxL Optional","72"
"Hyundai Santro Xing XO","73"
"Mahindra Bolero 2011-2019 SLE","74"
"Audi A6 2.0 TDI Premium Plus","75"
"Fiat Avventura MULTIJET Emotion","76"
"Audi A8 4.2 TDI","77"
"Datsun RediGO 1.0 S","78"
"Volkswagen Jetta 1.4 TSI Comfortline","79"
"Audi A4 2.0 TDI 177 Bhp Premium Plus","80"
"Mercedes-Benz E-Class Exclusive E 200 BSIV","81"
"BMW X1 sDrive 20d xLine","82"
"Volvo V40 D3 R Design","83"
"Maruti SX4 Zxi BSIII","84"
"BMW 7 Series 730Ld","85"
"Mahindra Bolero Power Plus SLX","86"
"Hyundai Sonata CRDi M/T","87"
"Nissan Micra Active XV Petrol","88"
"Mahindra Xylo D4","89"
"Hyundai Elite i20 Sportz Plus Dual Tone BSIV","90"
"Renault KWID RXT","91"
"Mahindra Xylo E4 BS III","92"
"Maruti SX4 ZXI MT BSIV","93"
"Hyundai Creta 1.4 CRDi S","94"
"Maruti Swift Dzire VDI","95"
"Hyundai Verna 1.6 VTVT AT S Option","96"
"Mahindra Scorpio LX BSIV","97"
"Maruti SX4 Vxi BSIII","98"
"Maruti Ertiga VDI","99"
"Chevrolet Beat Diesel","100"
"Maruti Zen LX","101"
"Maruti Baleno Delta 1.2","102"
"Maruti Swift Vdi BSIII","103"
"Tata Nano Lx BSIV","104"
"Toyota Innova 2.5 GX (Diesel) 8 Seater","105"
"Maruti Ertiga SHVS VDI","106"
"Hyundai Creta 1.6 CRDi SX","107"
"Honda Amaze S i-Vtech","108"
"Tata Indica Vista Aqua 1.4 TDI","109"
"Chevrolet Tavera Neo 2 LS B4 7 Str BSIII","110"
"Chevrolet Cruze LTZ","111"
"Ford Figo Aspire 1.2 Ti-VCT Titanium Plus","112"
"Ford EcoSport 1.5 Diesel Titanium Plus BSIV","113"
"Hyundai i10 Sportz 1.1L","114"
"Maruti 800 Std","115"
"Chevrolet Spark 1.0 LS","116"
"Hyundai EON Era Plus","117"
"Tata Indica Vista Aqua TDI BSIII","118"
"Hyundai Santro LP zipPlus","119"
"Tata Bolt Quadrajet XE","120"
"Maruti 800 AC BSIII","121"
"Hyundai i20 Magna 1.2","122"
"Hyundai i20 1.2 Asta","123"
"Maruti Ciaz VDi Plus","124"
"Hyundai i20 Asta 1.4 CRDi","125"
"Hyundai Santro LE","126"
"Maruti Vitara Brezza VDi","127"
"Hyundai Santro Xing XL eRLX Euro III","128"
"Hyundai Getz 1.3 GLS","129"
"Mahindra Quanto C8","130"
"Chevrolet Tavera Neo 3 LS 7 C BSIII","131"
"Maruti Wagon R DUO LPG","132"
"Maruti Wagon R LXI","133"
"Chevrolet Enjoy 1.3 TCDi LS 8","134"
"Honda City i VTEC SV","135"
"Jaguar XJ 5.0 L V8 Supercharged","136"
"Honda Brio E MT","137"
"Maruti Swift VVT ZXI","138"
"Tata Indigo CR4","139"
"Hyundai i10 Asta AT","140"
"Chevrolet Beat LT","141"
"Maruti Swift VDI BSIV","142"
"Renault Duster 110PS Diesel RxZ","143"
"Hyundai Santro Xing XG","144"
"Maruti Swift Dzire ZXI Plus","145"
"Maruti Alto K10 LXI CNG","146"
"Maruti 800 Std BSII","147"
"Tata Nano LX SE","148"
"Skoda Rapid 1.6 MPI Ambition With Alloy Wheel","149"
"Maruti Alto K10 VXI","150"
"Maruti Ciaz 1.4 Delta","151"
"Maruti Alto LX","152"
"Hyundai i20 Asta","153"
"Tata Nexon 1.2 Revotron XM","154"
"Maruti Zen D","155"
"Volkswagen Vento Celeste 1.5 TDI Highline AT","156"
"Maruti Eeco 7 Seater Standard BSIV","157"
"Honda City 1.5 EXI","158"
"Maruti SX4 Zxi with Leather BSIII","159"
"Ford Figo Diesel Titanium","160"
"Maruti Swift Dzire VDi","161"
"Mahindra Xylo E4","162"
"Maruti Esteem Vxi - BSIII","163"
"Hyundai i20 1.2 Sportz","164"
"Chevrolet Beat Diesel LT","165"
"Chevrolet Cruze LTZ AT","166"
"Nissan Micra XL","167"
"BMW 5 Series 520d Luxury Line","168"
"Hyundai EON Era Plus Option","169"
"Fiat Linea T Jet Emotion","170"
"Renault Scala RxL","171"
"Ford Figo Petrol Titanium","172"
"Maruti Ciaz ZDi SHVS","173"
"Skoda Rapid 1.5 TDI Ambition BSIV","174"
"Mahindra XUV500 W6 2WD","175"
"Mahindra XUV300 W8 Option","176"
"Maruti Ertiga SHVS ZDI","177"
"Nissan Terrano XE D","178"
"Maruti S-Cross Facelift","179"
"Hyundai i20 Magna 1.4 CRDi (Diesel)","180"
"Mercedes-Benz New C-Class C 220 CDI BE Avantgare","181"
"Volkswagen Ameo 1.5 TDI Highline","182"
"Maruti Omni LPG CARGO BSIII W IMMOBILISER","183"
"Hyundai Verna i (Petrol)","184"
"Mahindra Renault Logan 1.5 DLS","185"
"Chevrolet Optra Magnum 2.0 LS BSIII","186"
"Mahindra Scorpio S11 BSIV","187"
"Hyundai i20 Active 1.2 SX","188"
"Maruti SX4 Celebration Diesel","189"
"Hyundai Grand i10 Magna","190"
"Maruti Alto LXi BSIII","191"
"Hyundai i10 Era","192"
"Toyota Innova 2.5 V Diesel 7-seater","193"
"Honda Mobilio V i DTEC","194"
"Toyota Innova 2.5 G (Diesel) 7 Seater BS IV","195"
"Tata Indica V2 2001-2011 DLS BSIII","196"
"Tata Indica Vista TDI LS","197"
"Chevrolet Beat Diesel LS","198"
"Tata Zest Quadrajet 1.3 75PS XE","199"
"Skoda Fabia 1.2L Diesel Ambiente","200"
"Toyota Innova 2.5 VX (Diesel) 8 Seater","201"
"Hyundai Grand i10 1.2 CRDi Asta","202"
"Datsun GO Plus T Option Petrol","203"
"Maruti Omni MPI STD BSIV","204"
"Maruti Baleno Alpha 1.2","205"
"Ford Fiesta Classic 1.4 SXI Duratorq","206"
"Hyundai Elite i20 Asta Option BSIV","207"
"Hyundai Grand i10 CRDi Magna","208"
"Hyundai Santro Xing GL Plus","209"
"Tata Sumo GX TC 7 Str BSIII","210"
"Maruti Vitara Brezza LDi Option","211"
"Honda Jazz S","212"
"Hyundai i20 1.4 Sportz","213"
"Maruti Ertiga SHVS ZDI Plus","214"
"Tata Sumo SE Plus BSIII","215"
"Maruti Ertiga VXI","216"
"Hyundai i20 1.4 Magna ABS","217"
"Hyundai Getz GL","218"
"Maruti Wagon R LX BS IV","219"
"Hyundai i20 1.2 Spotz","220"
"Maruti Alto 800 VXI","221"
"Hyundai i20 Asta (o)","222"
"Hyundai Verna 1.6 SX CRDi (O)","223"
"Mahindra Xylo D2 BSIV","224"
"Mahindra Bolero SLX 2WD BSIII","225"
"Maruti Ertiga VXI ABS","226"
"Honda Brio 1.2 E MT","227"
"Toyota Etios Liva G","228"
"Maruti Alto 800 LXI","229"
"Maruti Swift Dzire 1.2 Vxi BSIV","230"
"Mahindra Scorpio VLS AT 2.2 mHAWK","231"
"Mahindra Bolero SLX","232"
"Mahindra XUV500 W11 Option AWD","233"
"Tata Tiago 1.2 Revotron XZ","234"
"Mahindra Marazzo M8 8Str","235"
"Renault Duster 110PS Diesel RxL","236"
"Maruti Wagon R VXI","237"
"Chevrolet Spark 1.0 LT","238"
"Maruti Baleno Alpha","239"
"Hyundai EON 1.0 Kappa Magna Plus","240"
"Ford Figo Aspire 1.2 Ti-VCT Trend","241"
"Ford Figo Aspire Facelift","242"
"Hyundai Verna 1.4 VTVT","243"
"Chevrolet Sail 1.2 LT ABS","244"
"Honda City i-DTEC SV","245"
"Mahindra Bolero Power Plus Plus AC BSIV PS","246"
"Hyundai Grand i10 1.2 Kappa Sportz Option","247"
"Maruti Baleno Sigma 1.2","248"
"Maruti A-Star Vxi","249"
"Datsun GO A","250"
"Skoda Yeti Ambition 4WD","251"
"Maruti Zen LXi BSII","252"
"Hyundai Verna CRDi 1.6 EX","253"
"Ford Aspire Titanium Diesel BSIV","254"
"BMW 3 Series 320d Sport","255"
"BMW X1 sDrive 20d Exclusive","256"
"Toyota Innova Crysta 2.4 VX MT","257"
"Chevrolet Tavera Neo 3 10 Seats BSIV","258"
"Mitsubishi Outlander 2.4","259"
"Maruti Baleno Alpha 1.3","260"
"Ford Figo Aspire 1.5 TDCi Titanium","261"
"Ford Endeavour Titanium 4X2","262"
"Mahindra Scorpio 2.6 Turbo 9 Str","263"
"Maruti Baleno Vxi","264"
"Tata Indica DLX","265"
"Tata Indica LSI","266"
"Toyota Etios Liva GD","267"
"Tata Nano STD","268"
"Hyundai Grand i10 Sportz","269"
"Mahindra Scorpio S7 140 BSIV","270"
"Volkswagen Polo Petrol Comfortline 1.2L","271"
"Hyundai Xcent 1.1 CRDi Base","272"
"Chevrolet Beat Diesel PS","273"
"Maruti Swift ZXi BSIV","274"
"Maruti Ritz VDi","275"
"Tata Indigo CS Emax CNG GLX","276"
"Maruti Eeco 5 STR With AC Plus HTR CNG","277"
"Maruti Estilo LXI","278"
"Maruti Swift VXI with ABS","279"
"Tata Zest Quadrajet 1.3 XM","280"
"Maruti Alto K10 VXI AGS Optional","281"
"Mahindra Scorpio SLE BSIV","282"
"Hyundai Santro Xing GLS CNG","283"
"Ford Figo Diesel Celebration Edition","284"
"Renault KWID RXT Optional","285"
"Renault KWID 1.0 RXT Optional","286"
"Skoda Rapid 1.5 TDI AT Style BSIV","287"
"Chevrolet Spark 1.0","288"
"Ford Fiesta 1.6 ZXi Duratec","289"
"Tata Manza Aura Quadrajet BS IV","290"
"Maruti Swift VVT VXI","291"
"Hyundai i20 Sportz Petrol","292"
"Maruti Zen Estilo VXI BSIV","293"
"Toyota Innova 2.5 G (Diesel) 8 Seater BS IV","294"
"Tata Tiago 1.2 Revotron XZA","295"
"Maruti Vitara Brezza ZDi","296"
"Maruti Swift VXI BSIII","297"
"Maruti Swift VXI BSIV","298"
"Hyundai i20 Active 1.2 S","299"
"Hyundai Santro GLS I - Euro I","300"
"Tata Safari Storme VX","301"
"Mahindra Scorpio REV 116","302"
"Datsun GO Plus A","303"
"Toyota Fortuner 4x4 MT","304"
"Ford Ecosport 1.5 DV5 MT Titanium","305"
"Mahindra XUV500 W11 AT BSIV","306"
"Mahindra Supro VX 8 Str","307"
"Ford Endeavour 2.5L 4X2 MT","308"
"Mahindra KUV 100 D75 K2","309"
"Maruti Swift Glam","310"
"Tata New Safari DICOR 2.2 EX 4x2","311"
"Honda Brio 1.2 VX MT","312"
"Chevrolet Sail Hatchback LS ABS","313"
"Tata Tiago NRG Petrol","314"
"Maruti Vitara Brezza ZDi Plus","315"
"Hyundai Santro Era","316"
"Honda City i-DTEC V","317"
"Hyundai Verna 1.6 CRDI","318"
"Hyundai EON D Lite Plus","319"
"Ford Endeavour 4x4 XLT","320"
"Volkswagen Jetta 2.0 TDI Trendline","321"
"Volkswagen Polo 1.5 TDI Highline","322"
"Hyundai i20 Asta 1.2","323"
"Renault Duster 85PS Diesel RxE","324"
"Maruti Omni E MPI STD BS IV","325"
"Honda Brio S Option AT","326"
"Honda Accord 2.4 MT","327"
"Ford Figo 1.2P Ambiente MT","328"
"Tata Nano Lx","329"
"Tata Indigo LS Dicor","330"
"Tata Indica Vista Terra 1.4 TDI","331"
"Maruti Zen VXI","332"
"Chevrolet Beat LS","333"
"Maruti Swift VDI","334"
"Maruti Wagon R AMT VXI","335"
"Mahindra TUV 300 T4 Plus","336"
"Maruti 800 AC BSII","337"
"Hyundai Santro Magna BSIV","338"
"Tata Zest Revotron 1.2 XT","339"
"Mahindra XUV500 W11 Option AT AWD","340"
"Volkswagen Polo Diesel Trendline 1.2L","341"
"Hyundai Verna CRDi","342"
"Tata Indica Vista Quadrajet LX","343"
"Renault Duster 85PS Diesel RxL","344"
"Hyundai i10 Era 1.1","345"
"Maruti Swift Dzire ZDI","346"
"Ford Figo Diesel ZXI","347"
"Maruti Wagon R LXI BSIII","348"
"Maruti Swift Ldi BSIV","349"
"Volkswagen Vento Diesel Highline","350"
"Datsun GO Plus T Option BSIV","351"
"Maruti Alto K10 VXI Airbag","352"
"Hyundai EON LPG Magna Plus","353"
"Mahindra Bolero DI DX 7 Seater","354"
"Maruti Ertiga BSIV ZXI","355"
"Honda BR-V i-VTEC S MT","356"
"Toyota Etios VD","357"
"Hyundai Santro Xing GLS Audio LPG","358"
"Ford Figo 1.2P Titanium MT","359"
"Fiat Avventura Urban Cross 1.3 Multijet Emotion","360"
"Ford EcoSport 1.5 TDCi Titanium BSIV","361"
"Maruti Swift Ldi BSIII","362"
"Ford Fiesta Classic 1.4 Duratorq CLXI","363"
"Ford Figo Titanium Diesel BSIV","364"
"Ford Ikon 1.3L Rocam Flair","365"
"Fiat Punto 1.3 Emotion","366"
"Honda WR-V i-DTEC V","367"
"Skoda Laura L n K 1.9 PD","368"
"Maruti Ritz LDi","369"
"Mahindra Xylo D2","370"
"Honda City i DTEC S","371"
"Mahindra Scorpio 1.99 S4","372"
"Tata Indigo Grand Dicor","373"
"Honda Amaze EX i-Dtech","374"
"Hyundai Creta 1.6 CRDi SX Plus","375"
"Toyota Etios GD SP","376"
"Maruti SX4 S Cross DDiS 320 Delta","377"
"Toyota Fortuner 2.8 4WD AT BSIV","378"
"Maruti Ciaz VDi Option SHVS","379"
"Mahindra Scorpio VLX 2WD AIRBAG SE BSIV","380"
"Hyundai Tucson 2.0 e-VGT 2WD MT","381"
"Jaguar XF 5.0 Litre V8 Petrol","382"
"Hyundai Creta 1.6 VTVT AT SX Plus","383"
"Hyundai Verna VTVT 1.6 AT SX Option","384"
"Mercedes-Benz GL-Class 350 CDI Blue Efficiency","385"
"Maruti Swift ZXI BSIV","386"
"Maruti S-Cross Zeta DDiS 200 SH","387"
"Hyundai Verna 1.6 VTVT SX","388"
"Volkswagen Polo GTI","389"
"Renault Pulse RxL","390"
"Maruti Celerio VXI AMT BSIV","391"
"Honda Brio V MT","392"
"Hyundai Creta 1.6 SX Automatic Diesel","393"
"Honda City i VTEC V","394"
"Toyota Innova Crysta 2.4 GX AT","395"
"BMW 3 Series 320d Luxury Line","396"
"Mercedes-Benz C-Class Progressive C 220d","397"
"Audi A4 3.0 TDI Quattro","398"
"BMW X5 xDrive 30d xLine","399"
"Maruti SX4 Vxi BSIV","400"
"Hyundai Grand i10 1.2 Kappa Magna AT","401"
"Hyundai Grand i10 Magna AT","402"
"Chevrolet Beat LT Option","403"
"Toyota Fortuner 4x2 AT","404"
"Hyundai i10 Magna","405"
"Hyundai Santro GS","406"
"Skoda Laura Ambiente 2.0 TDI CR MT","407"
"Hyundai i20 Sportz 1.2","408"
"Maruti Gypsy E MG410W ST","409"
"Tata Nexon 1.5 Revotorq XZ","410"
"Mahindra Verito 1.5 D4 BSIV","411"
"Chevrolet Tavera LS B3 7 Seats BSII","412"
"Chevrolet Optra Magnum 2.0 LS","413"
"Maruti Eeco 5 Seater Standard BSIV","414"
"Honda Civic 1.8 MT Sport","415"
"Tata Hexa XT 4X4","416"
"Tata Indica Vista Quadrajet VX","417"
"Mahindra Scorpio 2.6 CRDe SLE","418"
"Maruti Zen Estilo LXI BSIII","419"
"Maruti Swift Dzire AMT ZXI Plus BS IV","420"
"Honda Amaze S AT i-Vtech","421"
"Maruti Swift VXI","422"
"Mahindra Renault Logan 1.4 GLX Petrol","423"
"Hyundai i10 Magna LPG","424"
"Tata Venture EX","425"
"Chevrolet Captiva LT","426"
"Chevrolet Aveo U-VA 1.2 LS","427"
"Maruti Ciaz Zeta BSIV","428"
"Tata Hexa XM","429"
"Hyundai Santro Xing GL PLUS CNG","430"
"Mahindra Thar CRDe ABS","431"
"Maruti Alto K10 2010-2014 VXI","432"
"Maruti Alto K10 LXI","433"
"Honda City 1.5 V AT","434"
"Maruti Ritz LXI","435"
"Honda Jazz VX","436"
"Mahindra Scorpio SLE BSIII","437"
"Skoda Rapid 1.6 MPI AT Elegance Plus","438"
"Tata Nano LX","439"
"Maruti Zen Estilo 1.1 VXI BSIII","440"
"Maruti Wagon R LX Minor","441"
"Skoda Octavia Classic 1.9 TDI MT","442"
"Maruti Swift AMT VXI","443"
"Honda Amaze SX i-VTEC","444"
"Hyundai Grand i10 Nios Magna CRDi","445"
"Volkswagen Jetta 1.9 L TDI","446"
"Hyundai Xcent 1.1 CRDi SX Option","447"
"Hyundai Santro Xing GL Plus LPG","448"
"Hyundai Accent Executive","449"
"Maruti Celerio VXI AT","450"
"Hyundai Creta 1.6 CRDi AT SX Plus","451"
"Maruti Ertiga VXI CNG","452"
"Hyundai Verna 1.6 SX VTVT","453"
"Hyundai Grand i10 1.2 Kappa Sportz Dual Tone","454"
"Toyota Etios V","455"
"Volkswagen Vento Petrol Highline AT","456"
"Volkswagen Polo Diesel Highline 1.2L","457"
"Mahindra KUV 100 mFALCON D75 K8","458"
"Audi A4 New  2.0 TDI Multitronic","459"
"Volkswagen Polo Petrol Highline 1.2L","460"
"Skoda Rapid 1.6 MPI Active","461"
"Maruti Ertiga ZDI","462"
"Maruti Wagon R Stingray LXI","463"
"Skoda Superb 1.8 TSI","464"
"Tata Indigo LS","465"
"Land Rover Discovery Sport TD4 HSE 7S","466"
"Tata Sumo GX TC 8 Str","467"
"Hyundai i20 Magna","468"
"Hyundai Verna CRDi 1.6 SX Option","469"
"Tata Tiago XZA AMT","470"
"Toyota Innova Crysta 2.4 VX MT BSIV","471"
"Hyundai Grand i10 AT Asta","472"
"Maruti Ciaz VXi","473"
"Mahindra XUV500 W8 4WD","474"
"Renault Lodgy 85PS RxL","475"
"Mahindra Scorpio S6 Plus 7 Seater","476"
"Maruti Swift LDI BSIV","477"
"Hyundai i20 2015-2017 Magna 1.2","478"
"Maruti Wagon R LXI BS IV","479"
"Mahindra Bolero 2011-2019 SLX 2WD BSIII","480"
"Toyota Innova Crysta 2.8 ZX AT BSIV","481"
"Maruti Ciaz VDI SHVS","482"
"Tata Indica GLS BS IV","483"
"Honda City i DTec SV","484"
"Maruti Swift LXI","485"
"Maruti Zen LXI","486"
"Honda WR-V i-VTEC VX","487"
"Toyota Fortuner 2.8 2WD AT BSIV","488"
"Toyota Innova Crysta 2.4 ZX MT","489"
"Volkswagen Polo 1.5 TDI Trendline","490"
"Mahindra Verito Vibe 1.5 dCi D4","491"
"Volkswagen Vento Magnific 1.6 Highline","492"
"Maruti Swift Dzire LDI","493"
"Tata New Safari DICOR 2.2 GX 4x2","494"
"Maruti SX4 ZDI","495"
"Hyundai Verna 1.6 SX VTVT (O)","496"
"Fiat Grande Punto 1.3 Dynamic (Diesel)","497"
"Maruti Wagon R Stingray VXI","498"
"Toyota Etios Liva 1.4 VD","499"
"Hyundai Xcent 1.2 Kappa SX","500"
"Honda Amaze VX O iDTEC","501"
"Maruti Ciaz 1.4 AT Zeta","502"
"Mahindra Scorpio S4 4WD","503"
"Maruti Swift 1.3 VXI ABS","504"
"Ford Ecosport 1.0 Ecoboost Titanium Optional","505"
"Renault KWID Climber 1.0 AMT BSIV","506"
"Renault KWID RXL BSIV","507"
"Hyundai EON 1.0 Era Plus","508"
"Toyota Innova 2.5 G (Diesel) 8 Seater","509"
"Toyota Innova 2.5 G4 Diesel 8-seater","510"
"Mahindra KUV 100 G80 K2","511"
"Hyundai i20 1.4 Asta Option","512"
"Renault KWID RXL","513"
"Maruti Celerio ZXI Optional AMT BSIV","514"
"Fiat Palio D 1.9 EL PS","515"
"Fiat Linea Classic 1.3 Multijet","516"
"Maruti Alto 800 CNG LXI","517"
"Maruti Swift Dzire VXi","518"
"Hyundai Grand i10 1.2 Kappa Sportz BSIV","519"
"Honda Brio 1.2 S MT","520"
"Tata Zest Revotron 1.2T XE","521"
"Hyundai Creta 1.4 CRDi Base","522"
"Mercedes-Benz M-Class ML 350 CDI","523"
"Toyota Innova Crysta 2.4 GX MT 8S BSIV","524"
"Tata New Safari DICOR 2.2 EX 4x4","525"
"Mahindra Marazzo M4","526"
"Toyota Etios Cross 1.2L G","527"
"Mahindra KUV 100 mFALCON D75 K8 AW","528"
"Maruti Swift Dzire VXI","529"
"Hyundai i20 Asta 1.4 CRDi (Diesel)","530"
"Toyota Innova 2.0 GX 8 STR BSIV","531"
"Tata Hexa XTA","532"
"Hyundai Verna 1.6 SX VTVT AT","533"
"Maruti Swift Dzire VXI 1.2 BS IV","534"
"Maruti SX4 ZDI Leather","535"
"Maruti Ignis 1.2 Alpha BSIV","536"
"Honda Mobilio V i VTEC","537"
"Hyundai Getz 1.3 GVS","538"
"Ford Fiesta Titanium 1.5 TDCi","539"
"Hyundai Accent GLE CNG","540"
"Tata Tigor 1.2 Revotron XM","541"
"Hyundai i10 Magna 1.1","542"
"Nissan Sunny Diesel XV","543"
"Tata Nano Std","544"
"Chevrolet Tavera LT L1 7 Seats BSIII","545"
"Mahindra Verito 1.5 D2 BSIV","546"
"Hyundai EON D Lite","547"
"Toyota Innova 2.5 GX (Diesel) 7 Seater","548"
"Nissan Terrano XV Premium 110 PS","549"
"Nissan Sunny XV D Premium Leather","550"
"Mahindra Bolero 2011-2019 SLX","551"
"Hyundai Santro Xing XG eRLX Euro III","552"
"Volkswagen Jetta 2.0L TDI Highline AT","553"
"Tata Indica Vista Quadrajet 90 VX","554"
"Honda City VX MT","555"
"Volkswagen Jetta 1.9 Highline TDI","556"
"Volkswagen Vento 1.5 TDI Highline Plus AT","557"
"Maruti Wagon R VXI AMT1.2BSIV","558"
"Hyundai Grand i10 Asta","559"
"Volkswagen Polo 1.0 MPI Trendline","560"
"Hyundai Creta 1.6 CRDi SX Option","561"
"Hyundai Grand i10 Asta Option","562"
"Maruti Swift DDiS LDI","563"
"Hyundai i10 Sportz 1.2 AT","564"
"Volkswagen Vento 1.5 TDI Comfortline","565"
"Skoda Rapid 1.5 TDI AT Ambition","566"
"Hyundai Getz GLE","567"
"Mahindra Scorpio M2DI","568"
"Ford Endeavour XLT TDCi 4X2","569"
"Audi Q3 35 TDI Quattro Technology","570"
"Audi A5 Sportback","571"
"Chevrolet Sail Hatchback 1.3 TCDi LT ABS","572"
"Hyundai Accent CRDi","573"
"BMW 7 Series Signature 730Ld","574"
"Toyota Camry 2.5 Hybrid","575"
"Mahindra XUV500 W5 BSIV","576"
"Mahindra XUV300 W8 Option Diesel BSIV","577"
"Mahindra Thar CRDe","578"
"Honda Mobilio E i DTEC","579"
"Maruti Ciaz ZXi Plus","580"
"Fiat Grande Punto EVO 1.3 Dynamic","581"
"Ford Endeavour Hurricane Limited Edition","582"
"Land Rover Discovery S 2.0 SD4","583"
"Hyundai i10 Era 1.1 iTech SE","584"
"Maruti Vitara Brezza VDi Option","585"
"Hyundai i20 Sportz Option 1.2","586"
"Ford Endeavour 3.0L 4X4 AT","587"
"Hyundai Santro LE zipPlus","588"
"Hyundai Creta 1.4 EX Diesel","589"
"Hyundai Verna CRDi 1.6 SX","590"
"Tata Indigo LX","591"
"Mitsubishi Pajero Sport 4X4","592"
"Ford Fiesta 1.5 TDCi Titanium","593"
"Honda City i-VTEC CVT ZX","594"
"BMW 3 Series GT Luxury Line","595"
"Maruti Baleno Alpha CVT","596"
"Hyundai i20 1.4 Magna Executive","597"
"Maruti Baleno Zeta","598"
"Honda City VTEC","599"
"Ford Endeavour 3.2 Titanium AT 4X4","600"
"Tata Xenon XT EX 4X2","601"
"Nissan Terrano XL Plus 85 PS","602"
"Ford Ecosport 1.5 DV5 MT Ambiente","603"
"Skoda Laura Elegance 1.9 TDI  AT","604"
"Maruti Alto 800 LXI Airbag","605"
"Mahindra Bolero SLX 2WD","606"
"Mahindra Jeep MM 540","607"
"Skoda Octavia Elegance 2.0 TDI AT","608"
"Honda Jazz 1.5 VX i DTEC","609"
"Honda City i-VTEC ZX","610"
"Maruti Vitara Brezza ZDi Plus AMT Dual Tone","611"
"Maruti Celerio LXI MT BSIV","612"
"Renault Captur 1.5 Diesel RXT","613"
"Audi A4 30 TFSI Technology","614"
"Honda Amaze VX Diesel BSIV","615"
"Toyota Corolla Altis 1.8 VL AT","616"
"Honda Amaze VX Petrol BSIV","617"
"Honda Amaze VX i-VTEC","618"
"Mahindra KUV 100 mFALCON G80 K2","619"
"Maruti Zen Estilo Sports","620"
"Maruti Ertiga ZDI Plus","621"
"Audi Q3 2.0 TDI Quattro Premium Plus","622"
"Tata Zest Revotron 1.2T XMS","623"
"Audi Q5 2.0 TFSI Quattro Premium Plus","624"
"Datsun GO T Petrol","625"
"Mahindra Jeep CJ 500 DI","626"
"Renault Pulse RxZ","627"
"Land Rover Discovery Sport SD4 HSE Luxury","628"
"Volkswagen Polo 2015-2019 1.2 MPI Highline","629"
"Honda City i-VTEC SV","630"
"Tata Sumo Gold EX","631"
"Tata Indica DLE","632"
"Honda City S","633"
"Mercedes-Benz New C-Class C 220 CDI Grand Edition","634"
"Toyota Innova 2.5 VX 8 STR","635"
"Mahindra Xylo D4 BSIV","636"
"Toyota Innova Crysta 2.5 VX BS IV","637"
"Hyundai Verna CRDi 1.6 AT SX Option","638"
"Mahindra Scorpio S2 7 Seater","639"
"Hyundai i10 Magna 1.2 iTech SE","640"
"Mahindra Bolero DI","641"
"Hyundai Santro Xing XS","642"
"Maruti Esteem VX","643"
"Honda Amaze S i-Dtech","644"
"Hyundai Santro Xing XG AT","645"
"Skoda Yeti Ambition 4X2","646"
"Maruti Wagon R LXI CNG","647"
"Hyundai Verna SX","648"
"Maruti SX4 Celebration Petrol","649"
"Hyundai i20 Active S Diesel","650"
"Honda Amaze V CVT Petrol BSIV","651"
"Maruti Ciaz ZXi","652"
"Hyundai i20 Active SX Petrol","653"
"Nissan Terrano XL 85 PS","654"
"Mahindra Bolero B6","655"
"Mahindra Scorpio SLE BS IV","656"
"Maruti Ertiga ZXI","657"
"Maruti Swift ZDI Plus","658"
"Maruti Wagon R VXI BSIII","659"
"Chevrolet Tavera Neo 2 LT L 9 Str","660"
"Tata Indica Vista Aura Plus 1.3 Quadrajet","661"
"Renault Duster 85PS Diesel RxL Plus","662"
"Maruti Swift Dzire Vdi BSIV","663"
"Volkswagen Polo Diesel Comfortline 1.2L","664"
"Maruti Gypsy King Hard Top","665"
"Tata Manza Club Class Quadrajet90 VX","666"
"Maruti Swift VXI Deca","667"
"Maruti Ignis 1.2 AMT Delta BSIV","668"
"Toyota Innova Crysta 2.4 VX MT 8S BSIV","669"
"Mahindra Bolero Power Plus LX","670"
"Maruti Swift 1.2 DLX","671"
"Mahindra KUV 100 mFALCON D75 K6","672"
"Tata Nano Cx BSIV","673"
"Mahindra TUV 300 T4","674"
"Tata Safari Storme VX Varicor 400","675"
"Maruti Baleno Delta Automatic","676"
"Hyundai i20 Active S Petrol","677"
"Tata Indica Vista Terra Quadrajet 1.3L","678"
"Nissan Sunny XL","679"
"Volkswagen Vento Diesel Style Limited Edition","680"
"Chevrolet Aveo 1.4 LS","681"
"Chevrolet Beat PS","682"
"Honda City E","683"
"Maruti Wagon R VXI Minor ABS","684"
"Maruti Omni BSIII 8-STR W/ IMMOBILISER","685"
"Mahindra Xylo H4 ABS","686"
"Hyundai Elantra CRDi (Leather Option)","687"
"Toyota Corolla Altis D-4D J","688"
"Hyundai i20 1.4 CRDi Era","689"
"Tata Indica Vista Aqua 1.3 Quadrajet","690"
"Hyundai Verna XXi (Petrol)","691"
"Maruti Wagon R LX","692"
"Hyundai Santro Xing XK (Non-AC)","693"
"Volkswagen Passat 1.8 TSI MT","694"
"Ford Figo Diesel LXI","695"
"Ford EcoSport 1.5 Ti VCT MT Trend BSIV","696"
"Toyota Corolla Executive (HE)","697"
"Ford Freestyle Titanium Diesel BSIV","698"
"Maruti Ignis 1.2 Zeta BSIV","699"
"Toyota Etios Liva 1.2 G","700"
"Toyota Corolla H6","701"
"Renault Duster RXL AWD","702"
"Volkswagen Polo 1.5 TDI Comfortline","703"
"Ford Figo Diesel EXI","704"
"Honda Jazz VX CVT","705"
"Maruti Swift Dzire Tour LDI","706"
"Maruti 800 Std MPFi","707"
"Hyundai Verna 1.6 CRDI SX Option","708"
"Mercedes-Benz E-Class E250 CDI Blue Efficiency","709"
"Toyota Etios 1.4 VXD","710"
"Mahindra Quanto C6","711"
"Volkswagen Vento 1.5 TDI Highline","712"
"Maruti Ciaz ZDi","713"
"Volkswagen Ameo 1.5 TDI Comfortline","714"
"Tata Nano CX SE","715"
"Tata Manza Aura Quadrajet","716"
"Maruti Omni E 8 Str STD","717"
"Chevrolet Optra 1.6 LS","718"
"Mahindra TUV 300 T10","719"
"Mahindra Alturas G4 4X2 AT BSIV","720"
"Maruti Zen Estilo LX BSIII","721"
"Tata Indica LXI","722"
"Maruti Wagon R VXI Optional","723"
"Tata Sumo Victa CX 7/9 Str BSII","724"
"Skoda Superb Elegance 2.0 TDI CR AT","725"
"Jeep Compass 2.0 Longitude Option BSIV","726"
"Tata Indica DL","727"
"Ford Fiesta 1.6 ZXi Leather","728"
"Mahindra Scorpio EX","729"
"Hyundai Santro Xing XL AT eRLX Euro III","730"
"Mahindra Thar DI 4X4 PS","731"
"Hyundai Grand i10 1.2 Kappa Magna BSIV","732"
"Ford Fiesta 1.4 Duratec ZXI","733"
"Hyundai i20 Asta Option 1.4 CRDi","734"
"Maruti Swift Dzire LXI","735"
"Maruti 800 EX","736"
"Renault KWID Climber 1.0 AMT","737"
"Mahindra Bolero Power Plus SLE","738"
"Hyundai Xcent 1.2 VTVT S","739"
"Maruti Wagon R LXI LPG BSIV","740"
"Nissan Micra Diesel XV Premium","741"
"Maruti Zen LXi - BS III","742"
"Honda City i DTEC SV","743"
"Toyota Innova 2.5 VX (Diesel) 7 Seater","744"
"Honda Civic 1.8 (E) MT","745"
"Maruti Zen Estilo 1.1 LXI BSIII","746"
"Honda City 1.5 V MT","747"
"Tata Manza ELAN Quadrajet BS IV","748"
"Mahindra Xylo E4 ABS BS IV","749"
"Honda WR-V i-DTEC VX","750"
"Nissan Terrano XL 110 PS","751"
"Honda Amaze S CVT Petrol","752"
"Maruti Esteem Lxi","753"
"Toyota Corolla Altis Diesel D4DGL","754"
"Tata Indica Vista Aura 1.2 Safire","755"
"Mahindra Bolero SLE","756"
"Hyundai Elite i20 Asta Option CVT BSIV","757"
"Hyundai Creta 1.4 E Plus","758"
"Honda Jazz 1.5 E i DTEC","759"
"Tata Aria Pure LX 4x2","760"
"Ford Freestyle Trend Petrol BSIV","761"
"Mahindra Jeep MM 775 XDB","762"
"Hyundai Grand i10 1.2 CRDi Magna","763"
"Maruti Zen Estilo LX BSIV","764"
"Maruti 800 DX","765"
"Honda City 1.5 GXI","766"
"Honda CR-V Diesel 4WD","767"
"Maruti Ertiga BSIV VXI AT","768"
"Volkswagen Polo 1.0 TSI Highline Plus","769"
"Audi A4 35 TDI Premium","770"
"Hyundai Xcent 1.1 CRDi SX","771"
"Mahindra Scorpio 2.6 SLX Turbo 7 Seater","772"
"Ford Ecosport 1.0 Ecoboost Titanium","773"
"Jaguar XF 3.0 Litre S Premium Luxury","774"
"Maruti Zen Estilo VXI BSIII","775"
"Toyota Innova 2.5 E 8 STR","776"
"Hyundai i20 1.4 CRDi Asta","777"
"Nissan Micra XL CVT","778"
"Mahindra Scorpio VLX AT 2WD BSIII","779"
"Toyota Corolla AE","780"
"Hyundai Grand i10 Nios Sportz","781"
"Chevrolet Tavera Neo 3 LT 9 Seats BSIII","782"
"Hyundai Grand i10 Nios AMT Magna","783"
"Hyundai Verna 1.6 VTVT S","784"
"Tata Manza Aqua Quadrajet BS IV","785"
"Maruti Wagon R LX BSIII","786"
"Toyota Etios Cross 1.4L GD","787"
"Renault KWID RXT BSIV","788"
"Daewoo Matiz SD","789"
"Tata Hexa XT","790"
"Honda Jazz V","791"
"Maruti A-Star Lxi","792"
"Audi A8 L 3.0 TDI quattro","793"
"Hyundai Elantra SX","794"
"Datsun redi-GO AMT 1.0 T Option","795"
"Tata Nano Cx BSIII","796"
"BMW X1 sDrive20d M Sport","797"
"Chevrolet Enjoy TCDi LT 7 Seater","798"
"Honda Amaze S Diesel","799"
"Mahindra KUV 100 D75 K6 Plus","800"
"Honda City i-VTEC CVT VX","801"
"Honda Brio VX","802"
"MG Hector Sharp Diesel MT BSIV","803"
"Audi A4 35 TDI Premium Plus","804"
"Renault Scala Diesel RxL","805"
"Skoda Laura Ambiente 1.9 PD","806"
"Ford Fiesta Diesel Style","807"
"Skoda Laura 1.9 TDI MT Ambiente","808"
"Toyota Innova 2.5 VX (Diesel) 7 Seater BS IV","809"
"Mercedes-Benz E-Class 220 CDI","810"
"Ford Figo Aspire 1.5 TDCi Trend","811"
"Tata Indigo GLX","812"
"Maruti Swift Dzire LDI Optional","813"
"Ford EcoSport 1.5 Diesel Ambiente BSIV","814"
"Skoda Rapid 1.6 TDI Elegance","815"
"Hyundai i20 1.4 CRDi Sportz","816"
"Chevrolet Aveo 1.4 LT BSIV","817"
"Mahindra Quanto C4","818"
"Honda Mobilio S i DTEC","819"
"Hyundai Santa Fe 4WD AT","820"
"Tata Manza Aura (ABS) Safire BS IV","821"
"Force One EX","822"
"Mahindra Xylo D2 BS IV","823"
"Hyundai Santro Magna AMT BSIV","824"
"Tata Indigo LS BSII","825"
"Hyundai Verna CRDi SX ABS","826"
"Tata New Safari DICOR 2.2 GX 4x2 BS IV","827"
"Tata Indica Vista Aura 1.3 Quadrajet","828"
"Mahindra Bolero Power Plus Plus Non AC BSIV PS","829"
"Mahindra Scorpio VLX 2WD AIRBAG BSIV","830"
"Toyota Innova 2.5 Z Diesel 7 Seater BS IV","831"
"Honda Brio 1.2 S Option MT","832"
"Hyundai Santro Sportz BSIV","833"
"Fiat Linea Dynamic","834"
"Maruti Alto 800 LX","835"
"Maruti SX4 S Cross DDiS 320 Zeta","836"
"Mahindra Jeep Classic","837"
"Mahindra Scorpio 2.6 Turbo 7 Str","838"
"Toyota Innova 2.5 GX (Diesel) 7 Seater BS IV","839"
"Ford Figo Petrol LXI","840"
"Maruti Swift ZXI ABS","841"
"Mahindra XUV500 W6 1.99 mHawk","842"
"Maruti Alto K10 LX","843"
"Maruti Wagon R VX","844"
"Tata Indica Vista Aqua 1.2 Safire BSIV","845"
"Honda Civic 1.8 S AT","846"
"Mahindra NuvoSport N8","847"
"Hyundai Verna Transform CRDi VGT SX ABS","848"
"Volkswagen Vento New Diesel Highline","849"
"Maruti S-Presso VXI Plus","850"
"Honda Civic 1.8 S MT","851"
"Toyota Etios Liva 1.2 VX","852"
"Toyota Yaris G","853"
"Maruti Swift LXI Option","854"
"Maruti Ciaz ZDi Plus","855"
"Maruti Ciaz 1.4 Alpha","856"
"Toyota Corolla Altis GL MT","857"
"Maruti Esteem Lxi - BSIII","858"
"Volkswagen Vento Diesel Comfortline","859"
"Maruti SX4 ZXI AT","860"
"Maruti Swift Dzire AMT ZXI","861"
"Mahindra TUV 300 T8 AMT","862"
"Ford Fusion 1.6 Duratec Petrol","863"
"Honda City i-VTEC VX","864"
"Maruti Esteem Vxi","865"
"Hyundai Verna 1.6 VTVT","866"
"Tata Sumo Victa EX 7/9 Str BSII","867"
"Chevrolet Sail Hatchback 1.2 LS","868"
"Mahindra Bolero Power Plus ZLX","869"
"Datsun RediGO S","870"
"Skoda Fabia 1.2 MPI Ambition Plus","871"
"Renault Fluence 1.5","872"
"Maruti Wagon R LXI DUO BS IV","873"
"Mahindra TUV 300 Plus P4","874"
"Volkswagen Jetta 2.0 TDI Comfortline","875"
"Maruti Swift LDI Optional","876"
"Maruti SX4 VDI","877"
"Chevrolet Aveo 1.4 CNG","878"
"Hyundai Elite i20 Magna Plus BSIV","879"
"Mahindra Thar 4X4","880"
"Hyundai EON Magna Optional","881"
"Maruti Omni 5 Str STD LPG","882"
"Maruti 800 DUO AC LPG","883"
"Toyota Innova Crysta 2.4 G MT BSIV","884"
"Hyundai Accent GLX","885"
"Maruti Swift VDI Optional","886"
"Hyundai Santro Xing XK eRLX EuroIII","887"
"Maruti Baleno Zeta 1.2","888"
"Ford Freestyle Titanium Diesel","889"
"Ford Figo Titanium","890"
"Ford Ecosport 1.5 Diesel Titanium","891"
"Ford Figo 1.5D Titanium Opt MT","892"
"Toyota Etios VX","893"
"Hyundai Accent GLS","894"
"Maruti Ignis 1.3 Delta","895"
"Tata Indigo CS LX (TDI) BS-III","896"
"Maruti Alto K10 VXI AGS","897"
"Nissan Evalia XV","898"
"Hyundai Grand i10 1.2 CRDi Sportz Option","899"
"Mahindra KUV 100 D75 K4 Plus 5Str","900"
"Hyundai Verna SX Diesel","901"
"Honda City Corporate Edition","902"
"Hyundai EON Era","903"
"Datsun RediGO 1.0 T Option","904"
"Maruti Alto LXI","905"
"Hyundai i10 Magna 1.2","906"
"Renault Captur 1.5 Diesel RXT Mono","907"
"Mahindra Xylo D2 Maxx","908"
"Ford Aspire Titanium BSIV","909"
"Ford EcoSport 1.5 Ti VCT MT Titanium BE BSIV","910"
"Ford Ecosport 1.5 Petrol Trend","911"
"Ford EcoSport 1.5 TDCi Titanium Plus BSIV","912"
"Ford Freestyle Titanium","913"
"Ford Ecosport Thunder Edition Diesel","914"
"Ford Freestyle Titanium Plus","915"
"Mahindra Scorpio S2 9 Seater","916"
"Mahindra Scorpio VLS 2.2 mHawk","917"
"Honda Accord VTi-L (MT)","918"
"Tata Indigo CS LE (TDI) BS-III","919"
"Volkswagen Ameo 1.5 TDI Highline Plus 16","920"
"Ford Ecosport 1.5 Petrol Titanium Plus","921"
"Mahindra XUV500 AT W10 AWD","922"
"Mahindra XUV500 W10 2WD","923"
"Maruti Swift Dzire AMT VDI","924"
"Tata New Safari 4X4","925"
"Hyundai Verna SX CRDi AT","926"
"Renault Koleos 2.0 Diesel","927"
"Maruti Wagon R LXI DUO BSIII","928"
"Ford Ikon 1.8 D","929"
"Mercedes-Benz New C-Class 200 CDI Classic","930"
"Maruti Ertiga SHVS LDI Option","931"
"Tata Manza Aura (ABS) Quadrajet BS IV","932"
"Maruti Wagon R VXi BSII","933"
"Ford Fiesta 1.5 TDCi Ambiente","934"
"Renault KWID 1.0","935"
"Mahindra Scorpio S10 7 Seater","936"
"Chevrolet Enjoy TCDi LS 8 Seater","937"
"Tata Indica Vista TDI LX","938"
"Fiat Grande Punto EVO 1.3 Active","939"
"Mitsubishi Pajero 2.8 SFX BSIV Dual Tone","940"
"Mahindra Scorpio 2.6 SLX CRDe","941"
"Maruti Swift VXI Optional","942"
"Mahindra Thar DI 4X2","943"
"Maruti Ritz VXi","944"
"Tata Nexon 1.2 Revotron XZ Plus Dual Tone","945"
"Toyota Innova 2.5 G1 BSIV","946"
"Maruti Vitara Brezza LDi","947"
"Hyundai Verna Transform CRDi VGT ABS","948"
"Ford Freestyle Titanium Plus Diesel","949"
"Ford Figo 1.5P Titanium AT","950"
"Ford Figo 1.5D Titanium MT","951"
"Skoda Rapid 1.5 TDI AT Ambition BSIV","952"
"Tata Manza Aura Safire","953"
"Maruti Swift Dzire ZXI","954"
"Mahindra Bolero SLE BSIII","955"
"Hyundai Verna VTVT 1.6 SX","956"
"Fiat Punto 1.2 Active","957"
"Maruti Alto LXi BSII","958"
"Honda City 1.5 EXI S","959"
"Honda Amaze E i-VTEC","960"
"Tata Safari Storme EX","961"
"Volkswagen Ameo 1.2 MPI Trendline","962"
"Hyundai Verna 1.6 Xi ABS","963"
"Chevrolet Aveo 1.6 LT","964"
"Mahindra Bolero DI DX 8 Seater","965"
"Hyundai Verna 1.4 EX","966"
"Ford Figo Petrol ZXI","967"
"Tata Harrier XZ BSIV","968"
"Mahindra KUV 100 mFALCON G80 K8 5str","969"
"Hyundai i10 Sportz","970"
"Maruti Ignis 1.2 Delta BSIV","971"
"Toyota Corolla Altis 1.8 J","972"
"Tata Manza Club Class Quadrajet90 LS","973"
"Maruti Wagon R VXI Minor","974"
"Hyundai Accent GLE","975"
"Toyota Innova 2.0 VX 7 Seater","976"
"Maruti Alto 800 CNG LXI Optional","977"
"Maruti Ritz LXi","978"
"Chevrolet Aveo 1.6 LT with ABS","979"
"Tata Altroz XZ","980"
"Volkswagen Polo SR Petrol 1.2L","981"
"Skoda Superb 1.8 TFSI MT","982"
"Tata Tiago 2019-2020 XE Diesel","983"
"Tata Tiago 1.05 Revotorq XE","984"
"Hyundai Santro LS zipPlus","985"
"Mahindra XUV500 AT W10 FWD","986"
"Mahindra Scorpio VLX 2WD BSIV","987"
"Mahindra Scorpio VLX 2.2 mHawk Airbag BSIV","988"
"Hyundai Verna CRDi ABS","989"
"Mercedes-Benz E-Class 230","990"
"Maruti Omni 8 Seater BSIV","991"
"Ford Fiesta 1.4 ZXi TDCi ABS","992"
"Tata New Safari Dicor EX 4X2 BS IV","993"
"Mahindra XUV500 W7","994"
"Maruti Baleno Delta 1.3","995"
"Tata Nano Twist XT","996"
"Maruti Wagon R AX","997"
"Mahindra Scorpio SLX 2.6 Turbo 8 Str","998"
"Tata Tiago 1.05 Revotorq XT Option","999"
"Hyundai Elite i20 Sportz Plus BSIV","1000"
"Honda Brio Exclusive Edition","1001"
"Hyundai Verna Transform SX VTVT","1002"
"Maruti Swift Dzire ZXI 1.2 BS IV","1003"
"Maruti Swift VDi BSIII W/ ABS","1004"
"Hyundai Accent GLE 1","1005"
"Hyundai Getz GLX","1006"
"Ford Ecosport 1.5 Petrol Ambiente","1007"
"Honda BR-V i-VTEC VX MT","1008"
"Tata Indigo CS eLX BS IV","1009"
"Maruti Ertiga 1.5 VDI","1010"
"Isuzu D-Max V-Cross Standard","1011"
"Nissan Kicks XV Premium D BSIV","1012"
"Maruti Alto 800 Base","1013"
"Volkswagen Ameo 1.5 TDI Highline 16 Alloy","1014"
"Hyundai Santro AT CNG","1015"
"Ford Ecosport Sports Petrol","1016"
"Hyundai Tucson CRDi","1017"
"Tata Indigo TDI","1018"
"Nissan Micra Diesel XV Primo","1019"
"Tata Sumo LX","1020"
"Maruti Celerio ZXI","1021"
"OpelCorsa 1.6Gls","1022"
"Chevrolet Tavera Neo 3 Max 9 Str BSIII","1023"
"Mahindra Scorpio VLX 2WD ABS AT BSIII","1024"
"Datsun GO Plus T BSIV","1025"
"Hyundai Santro Xing GL","1026"
"Chevrolet Aveo U-VA 1.2 LT WO ABS Airbag","1027"
"Honda BR-V i-DTEC VX MT","1028"
"Chevrolet Sail Hatchback LT ABS","1029"
"Honda City 1.3 EXI","1030"
"Hyundai Getz 1.5 CRDi GVS","1031"
"Renault Lodgy Stepway 85PS RXZ 8S","1032"
"Toyota Etios 1.5 V","1033"
"Datsun GO Plus A Option Petrol","1034"
"Tata Tiago 1.2 Revotron XE","1035"
"Nissan Sunny Diesel XL","1036"
"Mahindra XUV500 AT W8 FWD","1037"
"Hyundai Santro Sportz AMT","1038"
"Nissan Micra Active XV S","1039"
"Mercedes-Benz E-Class E250 CDI Elegance","1040"
"Audi Q5 3.0 TDI Quattro Technology","1041"
"Datsun GO Plus T","1042"
"Toyota Camry Hybrid 2.5","1043"
"Volkswagen Jetta 2.0L TDI Highline","1044"
"Mahindra Marazzo M2 8Str","1045"
"Ford Ecosport 1.5 DV5 MT Titanium Optional","1046"
"Maruti Celerio ZXI MT BSIV","1047"
"Honda BRV i-VTEC V MT","1048"
"Maruti Omni 5 Str STD","1049"
"Hyundai i20 Asta (o) 1.4 CRDi (Diesel)","1050"
"Maruti Omni 8 Seater BSII","1051"
"Mercedes-Benz B Class B180 Sports","1052"
"Toyota Etios Liva VD","1053"
"Volkswagen Vento 1.5 TDI Highline BSIV","1054"
"Renault KWID Climber 1.0 MT Opt BSIV","1055"
"Hyundai Santro Asta","1056"
"Ford Figo Aspire Titanium Plus Diesel","1057"
"Renault Pulse RxZ Optional","1058"
"Nissan Terrano XL P","1059"
"Tata Manza Club Class Quadrajet90 LX","1060"
"Toyota Camry M/t","1061"
"Renault Duster 85PS Diesel RxZ","1062"
"Maruti Swift ZXI Plus","1063"
"Toyota Corolla H3","1064"
"Tata Safari DICOR 2.2 EX 4x2","1065"
"Maruti Wagon R Duo Lxi","1066"
"Mahindra Bolero B4","1067"
"Maruti Celerio VXI","1068"
"Chevrolet Beat Diesel LT Option","1069"
"Maruti Eeco Smiles 5 Seater AC","1070"
"Hyundai Santro GLS I - Euro II","1071"
"Chevrolet Spark 1.0 PS","1072"
"Maruti Swift ZDi","1073"
"Toyota Innova 2.5 E Diesel MS 7-seater","1074"
"Mahindra Scorpio 2.6 CRDe","1075"
"Honda Jazz Select Edition Active","1076"
"Hyundai i20 Active 1.4 SX","1077"
"Mahindra TUV 300 T8","1078"
"Toyota Etios Liva 1.2 V","1079"
"Toyota Innova 2.5 GX 7 STR BSIV","1080"
"Hyundai i20 Magna Optional 1.2","1081"
"Honda City 1.5 S MT","1082"
"Honda Amaze E i-Dtech","1083"
"Maruti Swift Dzire LXi","1084"
"Hyundai Creta 1.4 CRDi S Plus","1085"
"Honda Jazz 1.5 SV i DTEC","1086"
"Mahindra Renault Logan 1.6 Petrol GLSX","1087"
"Maruti Alto VXi","1088"
"Mahindra XUV500 W10 1.99 mHawk","1089"
"Mahindra Xylo E8","1090"
"Fiat 500 Lounge","1091"
"Renault Triber RXT BSIV","1092"
"Tata New Safari 4X4 EX","1093"
"Mahindra TUV 300 mHAWK100 T8","1094"
"Tata Altroz XE","1095"
"Maruti Wagon R ZXI 1.2","1096"
"Hyundai Xcent 1.2 CRDi E","1097"
"Maruti Alto Green LXi (CNG)","1098"
"Hyundai i20 1.2 Era","1099"
"Ford Ikon 1.4 ZXi","1100"
"Maruti Zen VXi - BS III","1101"
"Chevrolet Optra Magnum 2.0 LT","1102"
"Maruti Ertiga VDI Limited Edition","1103"
"Mahindra KUV 100 mFALCON G80 K2 Plus","1104"
"Mitsubishi Montero 3.2 MT","1105"
"Tata Indica Vista Aqua 1.3 Quadrajet ABS BSIV","1106"
"Hyundai i20 Magna Optional 1.4 CRDi","1107"
"Ford Endeavour 4x2 XLT","1108"
"Hyundai EON Sportz","1109"
"Maruti Swift LXi BSIV","1110"
"Maruti Zen VX","1111"
"Maruti Omni LPG STD BSIV","1112"
"Maruti Zen D PS","1113"
"Fiat Linea 1.3 Multijet Emotion","1114"
"Ford Aspire Titanium Plus Diesel BSIV","1115"
"Ford Aspire Titanium Plus BSIV","1116"
"Ford Freestyle Titanium Plus Diesel BSIV","1117"
"Honda Jazz 1.2 VX i VTEC","1118"
"Chevrolet Aveo U-VA 1.2 LT","1119"
"Tata Nexon 1.2 Revotron XZ Plus","1120"
"Chevrolet Cruze LT","1121"
"Tata Tigor 1.2 Revotron XZ Option","1122"
"BMW X1 sDrive20d","1123"
"Hyundai Elite i20 Magna Plus Diesel","1124"
"Ford EcoSport 1.5 Petrol Titanium BSIV","1125"
"Fiat Grande Punto Active (Diesel)","1126"
"Ford Ecosport 1.0 Ecoboost Platinum Edition BSIV","1127"
"Tata Tiago 2019-2020 XZ","1128"
"Maruti Swift ZXI","1129"
"Volkswagen Polo 1.2 MPI Comfortline","1130"
"Ford Fiesta Diesel Trend","1131"
"Honda City 1.5 E MT","1132"
"Maruti Baleno Zeta 1.3","1133"
"Mahindra Jeep MM 550 XDB","1134"
"Maruti Alto STD","1135"
"Maruti Celerio VDi","1136"
"Hyundai i20 Active 1.4 SX with AVN","1137"
"Hyundai i20 1.4 CRDi Magna","1138"
"Mahindra Xylo E4 8S","1139"
"Ford Fiesta Petrol Trend","1140"
"Hyundai Xcent 1.2 Kappa Base","1141"
"Chevrolet Optra 1.6","1142"
"Ford Ikon 1.6 ZXI NXt","1143"
"Ford Ikon 1.3 Flair","1144"
"Maruti Swift Dzire LDIX Limited Edition","1145"
"Maruti Swift 1.3 DLX","1146"
"Tata New Safari DICOR 2.2 VX 4x4","1147"
"Renault KWID 1.0 RXL","1148"
"Toyota Innova 2.5 VX 8 STR BSIV","1149"
"Fiat Punto 1.3 Active","1150"
"Hyundai Xcent 1.2 VTVT E Plus","1151"
"Audi Q5 2.0 TFSI Quattro","1152"
"Skoda Rapid 1.6 MPI Elegance","1153"
"Maruti 800 Std BSIII","1154"
"Toyota Innova 2.5 GX 7 STR","1155"
"Mahindra Scorpio S5 BSIV","1156"
"Renault KWID AMT","1157"
"Toyota Fortuner 4x2 Manual","1158"
"Mahindra TUV 300 T6 Plus","1159"
"Hyundai Elantra CRDi SX","1160"
"Honda City 1.5 V AT Exclusive","1161"
"Toyota Innova Crysta 2.8 GX AT BSIV","1162"
"Tata Indigo LX Dicor","1163"
"Hyundai i20 1.2 Magna","1164"
"Tata Tiago 1.2 Revotron XTA","1165"
"Ford Ecosport 1.5 Petrol Titanium Plus AT","1166"
"Maruti Ignis 1.2 Sigma BSIV","1167"
"Tata Manza Aura Safire BS IV","1168"
"Toyota Corolla Altis Diesel D4DJ","1169"
"Hyundai Santro Magna CNG BSIV","1170"
"Fiat Linea Emotion","1171"
"Maruti Zen Estilo LXI BS IV","1172"
"Maruti Celerio X ZXI BSIV","1173"
"Ford Figo 1.5D Trend MT","1174"
"Honda Amaze E i-DTEC","1175"
"Maruti Alto K10 LXI CNG Optional","1176"
"Hyundai Verna CRDi SX","1177"
"Maruti Swift DDiS VDI","1178"
"Skoda Rapid 1.6 TDI Ambition","1179"
"Hyundai Sonata AT Leather","1180"
"Hyundai Sonata 2.4L AT","1181"
"Nissan X-Trail SLX MT","1182"
"Mahindra Xylo E8 ABS Airbag BSIV","1183"
"Tata Indigo GLS","1184"
"Nissan Micra Diesel XV","1185"
"Hyundai Grand i10 CRDi Asta Option","1186"
"Maruti Alto 800 Std Optional","1187"
"Hyundai Getz GLS ABS","1188"
"Nissan Kicks XL D BSIV","1189"
"Maruti Ritz VDI (ABS) BS IV","1190"
"Tata Nano Std BSII","1191"
"Hyundai Elite i20 Petrol Asta Option","1192"
"Toyota Innova 2.5 G4 Diesel 7-seater","1193"
"Maruti Celerio ZXI AT","1194"
"Volvo XC60 D5 Inscription","1195"
"Maruti Wagon R AMT VXI Option","1196"
"Ambassador Classic 2000 Dsz","1197"
"Maruti Ciaz Sigma BSIV","1198"
"Chevrolet Spark 1.0 LT Option Pack w/ Airbag","1199"
"Fiat Linea 1.3 Emotion","1200"
"Ford Figo 1.2P Titanium Plus MT","1201"
"Hyundai Grand i10 1.2 Kappa Era","1202"
"Volkswagen Vento 1.0 TSI Highline Plus","1203"
"Ford Classic 1.6 Duratec LXI","1204"
"Hyundai Verna 1.6 CRDi SX","1205"
"Maruti Ertiga ZXI AT Petrol","1206"
"BMW 5 Series 525d Sedan","1207"
"Honda City i DTEC E","1208"
"Hyundai Creta 1.6 Gamma SX Plus","1209"
"Hyundai Elite i20 Diesel Asta Option","1210"
"Maruti S-Cross Alpha DDiS 200 SH","1211"
"Tata Indica Vista Aura 1.3 Quadrajet BSIV","1212"
"Volkswagen Vento 1.5 TDI Comfortline AT","1213"
"Hyundai Elite i20 Sportz Plus CVT BSIV","1214"
"Volkswagen Vento IPL II Diesel Trendline","1215"
"Maruti Swift VXi BSIV","1216"
"Skoda Fabia 1.2 TDI Active","1217"
"Toyota Corolla Altis G","1218"
"Ford Fiesta 1.6 Duratec S","1219"
"Maruti Wagon R VXI Plus Optional","1220"
"Maruti Zen Estilo LXI Green (CNG)","1221"
"Tata Bolt Revotron XE","1222"
"Skoda Rapid Monte Carlo 1.6 MPI AT BSIV","1223"
"Tata New Safari 4X2","1224"
"Renault Duster Petrol RxL","1225"
"Maruti Omni CNG","1226"
"Tata Indica Vista Terra TDI BSIII","1227"
"Honda Mobilio S i VTEC","1228"
"Renault KWID RXE","1229"
"Kia Seltos HTK Plus AT D","1230"
"Maruti Eeco CNG 5 Seater AC BSIV","1231"
"Maruti Ciaz ZDi Plus SHVS","1232"
"Mahindra Renault Logan 1.5 DLE Diesel","1233"
"Ford Ikon 1.4 TDCi DuraTorq","1234"
"Tata Tiago XT","1235"
"Ford Endeavour Titanium Plus 4X4","1236"
"Honda City V AT","1237"
"Honda City i VTEC S","1238"
"Ford Ecosport 1.5 Ti VCT AT Titanium","1239"
"Volkswagen Jetta 2.0L TDI Comfortline","1240"
"Ford Fiesta 1.4 ZXi Leather","1241"
"Audi A6 2.7 TDI","1242"
"Maruti Wagon R VXI BSII","1243"
"Maruti Wagon R CNG LXI","1244"
"Honda Jazz 1.2 V i VTEC","1245"
"Maruti Ciaz VDi Plus SHVS","1246"
"Audi A4 2.0 TDI","1247"
"Maruti Vitara Brezza ZDi Plus Dual Tone","1248"
"Maruti Ritz VXI","1249"
"Hyundai Accent GLS 1.6 ABS","1250"
"Mahindra Scorpio BSIV","1251"
"Chevrolet Aveo 1.4","1252"
"Volkswagen Polo 1.2 MPI Highline","1253"
"BMW 5 Series 530i","1254"
"Maruti S-Cross Delta DDiS 200 SH","1255"
"Volkswagen Vento Diesel Trendline","1256"
"Maruti Swift Dzire LDi","1257"
"Skoda Laura Ambiente","1258"
"Maruti Celerio ZDi","1259"
"Ford Fiesta 1.6 Duratec EXI Ltd","1260"
"Hyundai Santro Xing XK","1261"
"Datsun GO Plus Remix Limited Edition","1262"
"Toyota Innova 2.5 G3","1263"
"Hyundai Xcent 1.2 VTVT S AT","1264"
"Hyundai EON Magna","1265"
"Maruti Alto 800 LXI CNG","1266"
"Volkswagen Vento 1.6 Highline","1267"
"Tata Nano Twist XE","1268"
"Ford Figo Aspire 1.5 TDCi Ambiente ABS","1269"
"OpelCorsa 1.4 GL","1270"
"Mahindra XUV500 W7 BSIV","1271"
"Maruti Ciaz 1.4 Zeta","1272"
"Toyota Innova 2.5 GX (Diesel) 8 Seater BS IV","1273"
"Tata Nano CX","1274"
"Tata Tiago 1.05 Revotorq XM","1275"
"Tata Zest Quadrajet 1.3","1276"
"Ford Figo Petrol EXI","1277"
"Honda Amaze S i-DTEC","1278"
"Chevrolet Sail Hatchback 1.3 TCDi","1279"
"Hyundai Elite i20 Petrol Magna Exective","1280"
"Chevrolet Enjoy TCDi LT 8 Seater","1281"
"Maruti Wagon R VXI AMT","1282"
"Ford Figo Trend","1283"
"Hyundai Tucson 2.0 e-VGT 2WD AT GL","1284"
"Hyundai i20 1.2 Asta Dual Tone","1285"
"Datsun RediGO SV 1.0","1286"
"Datsun GO T BSIV","1287"
"Chevrolet Captiva 2.0L VCDi","1288"
"Tata New Safari 3L Dicor LX 4x2","1289"
"Hyundai Grand i10 CRDi Asta","1290"
"Honda BRV i-DTEC V MT","1291"
"Toyota Fortuner 3.0 Diesel","1292"
"Mahindra Verito 1.5 D2 BSIII","1293"
"Hyundai Verna 1.6 i ABS","1294"
"Volvo XC60 D3 Kinetic","1295"
"Hyundai i20 Asta Option 1.2","1296"
"Tata Xenon XT EX 4X4","1297"
"Volkswagen Vento Petrol Highline","1298"
"Chevrolet Beat LT LPG","1299"
"Maruti Ciaz VDi","1300"
"Datsun GO T Option BSIV","1301"
"Mercedes-Benz E-Class E250 Edition E","1302"
"Hyundai Verna SX AT Diesel","1303"
"Mahindra XUV500 AT W10 1.99 mHawk","1304"
"Tata Indigo GLE BSIII","1305"
"Maruti Swift 1.3 LXI","1306"
"Hyundai Elantra 2.0 SX AT","1307"
"Maruti S-Cross Sigma DDiS 200 SH","1308"
"Chevrolet Sail LS ABS","1309"
"Honda City 1.5 V Elegance","1310"
"Maruti Grand Vitara MT","1311"
"Tata Manza Club Class Quadrajet90 EX","1312"
"Tata Tiago 1.05 Revotorq XZ Plus","1313"
"Fiat Linea T Jet Plus","1314"
"Honda Civic 1.8 V MT","1315"
"Hyundai Grand i10 1.2 Kappa Sportz AT","1316"
"Hyundai Venue SX Opt Turbo BSIV","1317"
"Ford Figo 1.5D Ambiente ABS MT","1318"
"Renault Duster 110PS Diesel RxZ Plus","1319"
"Ford Figo Aspire 1.5 Ti-VCT Titanium","1320"
"Maruti Ciaz S 1.3","1321"
"Mahindra Ingenio CRDe","1322"
"Volkswagen Vento 1.5 Highline Plus AT 16 Alloy","1323"
"Toyota Corolla Altis 1.8 GL","1324"
"Audi A4 1.8 TFSI","1325"
"Toyota Innova 2.5 EV Diesel PS 7 Seater BSIII","1326"
"Ambassador Grand 1800 ISZ MPFI PW CL","1327"
"Skoda Laura Ambiente 2.0 TDI CR AT","1328"
"Mahindra Xylo Celebration Edition BSIV","1329"
"Volkswagen CrossPolo 1.2 MPI","1330"
"Maruti Ertiga VXI Petrol","1331"
"Hyundai Xcent 1.1 CRDi S","1332"
"Hyundai i20 1.2 Magna Executive","1333"
"Maruti Swift Star VDI","1334"
"Hyundai i10 Magna 1.1 iTech SE","1335"
"Skoda Laura Elegance 2.0 TDI CR AT","1336"
"Ford EcoSport 1.5 Diesel Trend BSIV","1337"
"Maruti Celerio ZXI AMT BSIV","1338"
"Hyundai EON Magna Plus Option","1339"
"Tata Tiago 1.2 Revotron XT","1340"
"Hyundai Grand i10 Asta Option AT","1341"
"Ford Endeavour 2.5L 4X2","1342"
"Maruti Ignis 1.2 AMT Alpha BSIV","1343"
"Tata Nexon 1.5 Revotorq XM","1344"
"Ford Fiesta 1.4 ZXi Duratec","1345"
"Maruti Esteem AX","1346"
"Honda Amaze V Diesel BSIV","1347"
"Skoda Rapid 1.5 TDI Ambition","1348"
"Tata Indica Vista Aqua 1.3 Quadrajet BSIV","1349"
"Hyundai Creta 1.6 SX","1350"
"Hyundai i10 Sportz AT","1351"
"Mahindra Bolero SLX 4WD BSIII","1352"
"Mahindra Scorpio S9 BSIV","1353"
"Honda City 1.3 DX","1354"
"Tata Nano Lx BSIII","1355"
"Maruti 800 AC Uniq","1356"
"Mahindra Scorpio VLX 2WD AT BSIV","1357"
"Land Rover Range Rover Evoque 2.2L Dynamic","1358"
"Tata Spacio SA 6 Seater","1359"
"Hyundai Verna 1.4 CRDi","1360"
"Mercedes-Benz E-Class 280 CDI","1361"
"Maruti Swift ZDI","1362"
"Nissan Micra Active XV","1363"
"Fiat Linea Active (Diesel)","1364"
"Fiat Punto 1.4 Emotion","1365"
"Ford EcoSport 1.5 Diesel Trend Plus BSIV","1366"
"Renault Duster 110PS Diesel RxZ AWD","1367"
"Hyundai Verna Transform VTVT","1368"
"Maruti Gypsy King Hard Top Ambulance BSIV","1369"
"Ford Fiesta 1.4 SXi TDCi","1370"
"Maruti Baleno Zeta Automatic","1371"
"Tata Indica Vista Terra Quadrajet 1.3L BS IV","1372"
"Toyota Etios VXD","1373"
"Mahindra Xylo E9","1374"
"Toyota Etios Liva VX","1375"
"Mahindra Xylo H4","1376"
"Ford Classic 1.4 Duratorq LXI","1377"
"Chevrolet Aveo U-VA 1.2","1378"
"Honda Jazz 1.5 S i DTEC","1379"
"Toyota Innova 2.5 GX 8 STR BSIV","1380"
"Tata New Safari DICOR 2.2 VX 4x2","1381"
"Fiat Grande Punto EVO 90HP 1.3 Sport","1382"
"Fiat Grande Punto Emotion 90Hp","1383"
"Ford Fiesta Classic 1.6 Duratec CLXI","1384"
"Tata Sumo Gold EX BSIII","1385"
"Maruti A-Star AT VXI","1386"
"Nissan Terrano XL Plus ICC WT20 SE","1387"
"Hyundai Accent Executive CNG","1388"
"Hyundai Creta 1.6 E Plus","1389"
"Audi A6 2.8 FSI","1390"
"Hyundai Xcent 1.2 CRDi S","1391"
"Hyundai Santa Fe 4X4","1392"
"Honda Amaze E i-Vtech","1393"
"Mahindra Thar 4X2","1394"
"Maruti Swift Dzire LXI Option","1395"
"Hyundai i20 1.2 Asta Option","1396"
"Maruti Baleno RS 1.0 Petrol","1397"
"Skoda Superb LK 1.8 TSI AT","1398"
"Volkswagen Jetta 1.9 TDI Comfortline DSG","1399"
"Volkswagen Vento 1.5 TDI Highline AT","1400"
"Honda Amaze VX AT i-Vtech","1401"
"Maruti Baleno Delta Diesel","1402"
"Tata Winger Deluxe - Hi Roof (AC)","1403"
"Datsun RediGO AMT 1.0 S","1404"
"Nissan Sunny XL D","1405"
"Honda Jazz Select Edition","1406"
"Maruti Swift Dzire AMT VXI","1407"
"Hyundai Creta 1.6 SX Automatic","1408"
"Mercedes-Benz E-Class 280 CDI Elegance","1409"
"Audi RS7 2015-2019 Sportback Performance","1410"
"MG Hector Smart AT","1411"
"Land Rover Range Rover 4.4 Diesel LWB Vogue SE","1412"
"Honda City VX CVT","1413"
"Volkswagen Polo GT 1.0 TSI","1414"
"Tata Bolt Revotron XM","1415"
"Datsun GO Plus T Option","1416"
"Mahindra XUV500 AT W6 2WD","1417"
"Hyundai EON Era Plus Sports Edition","1418"
"Skoda Rapid 1.6 MPI AT Ambition BSIV","1419"
"Ambassador CLASSIC 1500 DSL AC","1420"
"Maruti Gypsy King HT BSIV","1421"
"Toyota Innova 2.5 EV Diesel MS 7 Str BSIII","1422"
"Mahindra Renault Logan 1.5 DLX Diesel","1423"
"Tata Aria Pleasure 4x2","1424"
"Honda City i-DTEC ZX","1425"
"Honda City i VTEC VX","1426"
"Honda Jazz 1.5 V i DTEC","1427"
"Ford EcoSport 1.5 Ti VCT MT Titanium BSIV","1428"
"Tata Indigo CS eLS BS IV","1429"
"Ford Fiesta 1.4 SXi TDCi ABS","1430"
"Mahindra Xylo H8 ABS with Airbags","1431"
"Skoda Rapid 1.6 TDI PRESTIGE","1432"
"Mercedes-Benz GLS 2016-2020 350d 4MATIC","1433"
"Mahindra Xylo E6","1434"
"Fiat Palio 1.2 Sport","1435"
"Fiat Punto EVO 1.3 Dynamic","1436"
"Volkswagen Jetta 1.9 TDI Trendline","1437"
"Toyota Corolla H2","1438"
"Maruti Zen LX - BS III","1439"
"Maruti Celerio VXI Optional","1440"
"Maruti Alto 800 LXI Optional","1441"
"Maruti Alto 800 LXI Opt BSIV","1442"
"Volkswagen Vento 1.5 TDI Highline Plus AT BSIV","1443"
"Maruti Alto K10 VXI Optional","1444"
"Volvo XC 90 D5 Inscription BSIV","1445"
"Mahindra TUV 300 T10 Dual Tone","1446"
"Honda Jazz 1.2 S i VTEC","1447"
"Mahindra XUV500 W7 AT BSIV","1448"
"Mahindra Thar CRDe AC","1449"
"Hyundai Verna 1.6 CRDi AT SX","1450"
"Toyota Etios Liva GD SP","1451"
"Mahindra Verito Vibe 1.5 dCi D6","1452"
"Ford EcoSport 1.5 Petrol Titanium Plus AT BSIV","1453"
"Tata Harrier XE","1454"
"Hyundai Xcent 1.2 CRDi SX","1455"
"Fiat Linea Emotion (Diesel)","1456"
"Chevrolet Sail 1.3 LS","1457"
"Toyota Camry Hybrid","1458"
"Skoda Octavia Ambiente 1.9 TDI MT","1459"
"Honda City Edge Edition Diesel SV","1460"
"Ford Ecosport 1.5 DV5 MT Trend","1461"
"Chevrolet Tavera Neo 3 9 Str BSIII","1462"
"Honda Accord 2.4 AT","1463"
"Maruti Ertiga SHVS LDI","1464"
"Ford Ecosport 1.5 Diesel Titanium Plus","1465"
"Ford Figo 1.5 Sports Edition MT","1466"
"Ford EcoSport 1.5 TDCi Titanium Plus BE BSIV","1467"
"Ford Figo Aspire 1.5 TDCi Titanium Plus","1468"
"Toyota Qualis FS B3","1469"
"Mahindra Scorpio VLX 2WD BSIII","1470"
"Honda City i DTec V","1471"
"Honda City i-DTEC VX","1472"
"Nissan Terrano XE 85 PS","1473"
"Fiat Punto EVO 1.3 Emotion","1474"
"Toyota Fortuner 2.7 2WD AT","1475"
"Mahindra XUV500 W10 AWD","1476"
"Tata Indica V2 DLS BSII","1477"
"Mahindra KUV 100 G80 K4 Plus","1478"
"Hyundai Verna CRDi 1.6 AT EX","1479"
"Tata Indigo CS LS (TDI) BS-III","1480"
"Honda Amaze S Petrol BSIV","1481"
"Hyundai Santro Xing XS eRLX Euro III","1482"
"Hyundai Santro AT","1483"
"Ford Endeavour 2.2 Titanium AT 4X2","1484"
"Chevrolet Spark 1.0 LT BS3","1485"
"Maruti Swift LDI","1486"
"Tata Nano XM","1487"
"Mahindra Verito 1.5 D6 BSIII","1488"
"Toyota Innova 2.5 VX (Diesel) 8 Seater BS IV","1489"
"Hyundai i20 Magna 1.4 CRDi","1490"
